{
  "metadata": {
    "backup_name": "auto_backup_20251004_035756",
    "created_at": "2025-10-04T03:57:56.866534",
    "version": "1.0.0",
    "include_artwork": true
  },
  "streams": [
    {
      "name": "KUVO Test2",
      "stream_url": "http://kuvo-ice.streamguys.org/kuvo-aac-128",
      "artist": "kuvo album artist",
      "album": "kuvo album",
      "album_artist": "kuvo artist",
      "artwork_path": null,
      "output_filename_pattern": "{date}_{name}.mp3",
      "scp_destination": "alwirtes@plex-server.lan:/Volumes/External_12tb/Plex/automusica/",
      "created_at": "2025-10-03T22:35:41",
      "updated_at": "2025-10-03T22:35:41.521767"
    },
    {
      "name": "KUVO Jazz",
      "stream_url": "http://kuvo-ice.streamguys.org/kuvo-aac-128",
      "artist": "Various Artists",
      "album": "KUVO Live Stream",
      "album_artist": "KUVO",
      "artwork_path": null,
      "output_filename_pattern": "{date}_{name}.mp3",
      "scp_destination": "alwirtes@plex-server.lan:/Volumes/External_12tb/Plex/automusica/",
      "created_at": "2025-10-03T22:34:14",
      "updated_at": "2025-10-03T23:34:33.524597"
    }
  ],
  "schedules": [
    {
      "stream_name": "KUVO Test2",
      "cron_expression": "0 21 * * *",
      "duration_minutes": 30,
      "is_active": true,
      "max_retries": 3,
      "created_at": "2025-10-04T02:58:33",
      "updated_at": "2025-10-04T03:00:00.029730"
    },
    {
      "stream_name": "KUVO Test2",
      "cron_expression": "44 20 * * *",
      "duration_minutes": 1,
      "is_active": true,
      "max_retries": 3,
      "created_at": "2025-10-04T02:42:19",
      "updated_at": "2025-10-04T02:44:00.057007"
    },
    {
      "stream_name": "KUVO Test2",
      "cron_expression": "49 1 * * *",
      "duration_minutes": 1,
      "is_active": true,
      "max_retries": 3,
      "created_at": "2025-10-04T01:46:55",
      "updated_at": "2025-10-04T01:49:00.027019"
    },
    {
      "stream_name": "KUVO Test2",
      "cron_expression": "26 0 * * *",
      "duration_minutes": 1,
      "is_active": true,
      "max_retries": 3,
      "created_at": "2025-10-04T00:23:48",
      "updated_at": "2025-10-04T00:26:00.075284"
    },
    {
      "stream_name": "KUVO Test2",
      "cron_expression": "20 0 * * *",
      "duration_minutes": 1,
      "is_active": true,
      "max_retries": 3,
      "created_at": "2025-10-04T00:18:38",
      "updated_at": "2025-10-04T00:20:00.031726"
    },
    {
      "stream_name": "KUVO Test2",
      "cron_expression": "9 0 * * *",
      "duration_minutes": 1,
      "is_active": true,
      "max_retries": 3,
      "created_at": "2025-10-04T00:06:51",
      "updated_at": "2025-10-04T00:09:00.029843"
    },
    {
      "stream_name": "KUVO Test2",
      "cron_expression": "59 23 * * *",
      "duration_minutes": 1,
      "is_active": true,
      "max_retries": 3,
      "created_at": "2025-10-03T23:56:52",
      "updated_at": "2025-10-03T23:59:00.030476"
    },
    {
      "stream_name": "KUVO Test2",
      "cron_expression": "45 23 * * *",
      "duration_minutes": 1,
      "is_active": true,
      "max_retries": 3,
      "created_at": "2025-10-03T23:42:15",
      "updated_at": "2025-10-03T23:45:00.038175"
    },
    {
      "stream_name": "KUVO Jazz",
      "cron_expression": "38 23 * * *",
      "duration_minutes": 1,
      "is_active": true,
      "max_retries": 3,
      "created_at": "2025-10-03T23:37:15",
      "updated_at": "2025-10-03T23:38:00.021594"
    },
    {
      "stream_name": "KUVO Test2",
      "cron_expression": "32 23 * * *",
      "duration_minutes": 1,
      "is_active": true,
      "max_retries": 3,
      "created_at": "2025-10-03T23:29:39",
      "updated_at": "2025-10-03T23:32:00.034331"
    },
    {
      "stream_name": "KUVO Jazz",
      "cron_expression": "25 23 * * *",
      "duration_minutes": 1,
      "is_active": true,
      "max_retries": 3,
      "created_at": "2025-10-03T23:24:32",
      "updated_at": "2025-10-03T23:25:00.038741"
    },
    {
      "stream_name": "KUVO Jazz",
      "cron_expression": "23 23 * * *",
      "duration_minutes": 1,
      "is_active": true,
      "max_retries": 3,
      "created_at": "2025-10-03T23:22:43",
      "updated_at": "2025-10-03T23:23:00.027617"
    },
    {
      "stream_name": "KUVO Jazz",
      "cron_expression": "20 23 * * *",
      "duration_minutes": 1,
      "is_active": true,
      "max_retries": 3,
      "created_at": "2025-10-03T23:19:36",
      "updated_at": "2025-10-03T23:20:00.030099"
    }
  ]
}